Hero (with search)			
Transform Learning With Pearson			
Discover innovative solutions for modern education that empower students and educators worldwide			
			
Cards (customer-centric)			
Looking to make a purchase?	Visit our eStore		
We offer a wide range of educational materials, textbooks, and digital resources for students and institutions.	https://www.pearson.com/store		
Looking to schedule an exam or test?	Book Now		
Schedule your certification exam or assessment at a convenient location near you.	https://www.pearson.com/booking		
Looking to Enroll in Virtual School?	Enroll Now		
Join thousands of students learning online with our accredited virtual school programs.	https://www.pearson.com/enroll		
